score,word
0.9820136881469358,好
1.2195098690723867,可爱
-0.5057831187789371,想
-0.6613850883702865,看
0.8137035591811689,爱
0.8526711129524662,欣欣
-0.18101679595464276,是
-0.1427680683641555,吃
-0.050426962409032924,少
-0.3116328562559995,出去
0.679830734458333,好吃
-0.216951007034517,去
-0.0045890567715605205,大
-1.5622026687181028,饿
-0.01083179054145372,可
0.11491622330025075,对待
-0.38707875227086264,要
-0.48424946963708126,坐
0.23399177607362298,最好
-0.5118970634038275,会
-0.05593646022553844,长
-0.3414039221555827,淘汰
0.38210736106208043,看看
0.5547668140525107,认识
-0.545135645408549,害
-0.3531906694305579,有钱
-0.29534092556682967,完
0.026386172666149517,一般
0.42117012176239044,瘦
-0.19670292197972442,想起
1.2515882725432443,开心
0.5762218325755173,好看
0.033976094725611014,有
-0.22091310874116316,喝
1.4327629093710135,加油
0.6134196009415361,高
-0.007298728374529957,看到
-0.25593725157402647,冲
-0.07099791724761066,走
0.7787197324693025,欣
-0.04514975942757743,让
-0.2940332796122712,觉得
1.1235508556339873,喜欢
-0.4759857308242216,作
-0.4932454173441915,炒作
0.03975623162113317,不配
1.0692064940636057,拥有
-0.543983540599239,突然
-0.1533994481972314,出现
-0.0899577925897459,变
-1.2075906470227689,吓
-0.22523763574194522,调
-0.21333767021020728,出来
0.5244121580528167,表演
-0.2685249836682434,说
-0.2864561039319458,忙
-0.1274793419172304,出
-0.3133075321937746,行
0.07470926763160098,降
-0.31473743267244336,表示
0.07480107556067503,没错
0.34527526987256507,猜
0.0676143004766632,来
-0.507672669828812,到
0.8185403490041281,照顾
0.8135945742218749,公布
0.11492922388503268,排名
-1.0386227788926277,吓人
-0.10173231139900485,梗
1.5760247580207654,精致
0.7612289829259292,佳
0.9202929821482974,出道
0.32165890553483945,呵呵
-0.13605923980205065,服
-0.4722612413429119,胖
0.6874987342882796,甜
0.8754960434585669,优秀
1.567547191927781,支持
1.0861358197423496,开始
0.661858436825092,帅
1.1866464785794855,温暖
-0.9050055472098298,做梦
0.882992286629588,免费
-0.4200935084652183,完全
-0.14942336366112957,经费
0.13058247606974976,盖
0.2357902204110495,作为
-0.5484606872010228,倒
0.9442273217948218,棒
-0.41280572571424734,炸
-0.07584047909729032,好奇
-0.09118720688089195,想念
0.008834597292076285,能
0.08749508669400219,还有
-0.33736114592213984,开
0.12710312472034752,对比
-1.259491724610684,吵
0.5524556822635789,超
-0.08024938405630158,做
0.40420881753625454,激动
-0.044387212548364946,老
-0.36718012238053976,叫
0.28805385252321847,赚
0.21130736441519354,用来
-0.40401118780991885,喊
-0.26011159750111246,吃饭
-0.15385012010987792,惊讶
-0.3969205113814354,厉害
-0.13351978406692214,位置
2.1636583202397013,选
-0.12085730363345984,训练
1.1652340821014868,生
0.3394097370069663,辨识
-0.7811851221516669,死
-0.6800538900961346,搞
-0.5863641707849462,算
0.5541821738385535,赢
0.40323252315281966,惊
-0.45429548164129374,说话
-0.03698116427441814,跳
0.16418126254521073,动
0.6463189014502839,设计
0.29964491916702335,懂
-0.30346764097229284,靠
1.0348716619325866,制作
-1.5098619624465557,疼
1.0667195505633167,小
1.260255394029392,幸福
0.5805567958246692,花
-0.17551461408341382,尖叫
-0.698627672149924,只能
0.3935840670044176,回忆
0.7369794167164384,选手
0.1066374705765267,准备
-0.34739345958783713,赶脚
0.670599927660189,宠
-0.3086817763918638,剩下
0.16211943885064378,燃烧
-0.39985908557447997,早
0.4653040219604677,强
-0.5456025480888101,麻烦
-0.15337354691905242,乃
0.008638416467526121,枯
-0.42377109923235967,好像
1.3243852138075927,惊喜
0.4784382085115052,足
0.0019268944311538333,深
-0.7428466081799696,怕
1.2709565861293295,不错
-1.1023615186469553,丢
-0.5510743707184405,求
-0.9154281893759288,犯
-0.14073869234375047,可能
0.756030011798368,专注
0.16291794748976327,加
0.17556673347977655,滴
1.3635366067917298,满意
-0.5669342485051757,穷
0.7271837680025788,好玩
1.5145898562103122,独特
1.1263714160014053,期待
0.4601807791547766,希望
-0.380055410853529,闹
-0.4901894820613231,忘记
-0.19011316561396288,说明
1.1264373807119874,享受
-0.30048990796595076,久
0.5299843727406245,暖
-1.033283401050887,糟糕
-0.45208622797404197,躲
-0.7698638965874693,掉
1.2774131694947903,香
0.574499793210477,请
0.6938857636245038,和谐
-0.05331793325513281,爆
-0.49869310067720807,进去
-1.0004335971532954,哭
0.12998276152210564,位
0.32029306373123145,羡慕
0.24000429581654448,接触
-1.9425853816978305,难受
1.4759691374888972,满满
0.5627422172233782,努力
-0.37487266689122883,打
0.5011770281006135,配
0.6949827882641998,自信
-0.7884797041868289,清醒
-0.8144105113018559,奇怪
0.9517817193151167,祝
0.1930075666374948,就算
-0.6153622833441231,够
-0.8057022342155742,别扭
-0.46767976096480934,伤害
0.016930385821960055,投
0.2521980510934474,浓
-0.003670115503403991,像
-0.3466311251233539,落泪
0.6040213221353842,吸引
0.402241665159152,注意
0.24878701814673715,聊聊
-0.47200722016522045,拽
0.3158620331138012,眼熟
0.31845884554119336,记得
0.7380092058588549,发挥
-0.6883627452614414,莫名
0.47096290441624744,卸妆
0.44895576066195453,放牛
-0.8623212916524791,滚
0.6729384724707118,熟悉
0.69696372420332,不愧
0.379120488839086,记住
0.2647857936753817,变化
0.7545331834812461,新
-0.4678666159919387,看来
-1.056657455180122,惨
0.3140895797438959,升级
0.8519926690796318,创造
0.39937807063857383,体现
-0.4488631029725917,反差
-0.3988224187705762,问
-0.47104715347993825,看不到
-1.067845879832446,擦
0.15202579704618924,挺
0.14509923115466086,醉
-1.3154518140774898,废
-0.4629495147648794,刷牙
-0.4244055388503368,住
-0.19649841802788587,拿
-0.03784234714053593,明显
-0.13374577655155107,迷惑
-0.3743179535775291,行为
0.035242553000275,挑
-0.2806288039417351,卫生
-0.808340153170899,脏
0.05177707711882325,装
0.3045355899317,看起来
-0.6656942608916636,弄
0.3757366831435679,干净
0.6626897578235882,宽
-0.4469578346797795,整
-0.6281330610888889,绑架
-0.3425823620148389,发生
-0.28822124082084893,讲
-0.2945044085528728,是否
1.125637111085825,值得
-0.2612711632804961,实话
-1.0123430804076268,冷
0.5701288085741909,了解
0.3609542209745079,营销
0.8933836333134518,搞笑
0.4073708986707497,吻
0.8193469780398418,收到
0.37574826508801423,拍
-0.5636795434541287,盲
0.23853306329738128,稳
0.5733391847157738,善良
-0.7118066379978737,请问
0.9747633476748307,愛
1.32494259208011,有趣
0.6568412784062858,看好
-0.19021414552555993,辣
0.48357890791038455,超越
0.4581835377312273,爱看
-0.15745920587644244,选秀
-0.39627572675551404,回去
-0.4062586230226958,紧张
-0.4840102652680057,直接
0.8114426165828966,活泼
0.5865527082850112,好听
0.44103287261126195,神奇
0.047260207346845766,存在
0.4177474530710704,逗
-0.5550128613221676,不够
0.36513150091632196,夸
0.6654202965529243,好笑
-0.18913426687996954,搜
-0.7079939716380383,安慰
0.6778365000235078,相信
-0.5857806738769018,热
-0.0496624666145428,玩
-0.22569024646302488,喂
0.30312260330091184,入
-0.615449705224272,扭
0.7970263255601975,幸运
0.2001567869330565,抢
-0.3501148261018844,是非
0.04178476239970967,歪
0.1634143940772678,不用
-0.10990313655049933,买
-0.1794205202517261,吹
-0.45877975879905425,预警
-0.10197079914654719,隔
-0.022798063196463863,感到
-0.2715227915453265,阻止
0.4625806713536999,保护
0.2907764165506112,跳舞
-0.22920365683238772,喷
0.7792698350036665,笑
-0.2118689837683437,起来
-0.7359841929010396,贴
-0.0980403773244023,导演
-0.10209975283409974,矜持
-0.2894851467162803,毕
0.0529072469342083,奔
-0.5903967797048003,求求
-1.237702018707268,吐
0.01191035010600878,侧
-0.4812380343657293,杀
-0.24328413365352888,糊
0.028752179193267474,听说
0.6908903555468761,乖
-0.588156701381725,控制
-0.10241992032122922,冷静
0.10506733004982842,管理
0.10450867809623784,起
0.2830676979111043,耐
0.24398110594385486,收敛
0.4324248733053208,迷
-0.7729662619901438,撞
-0.7037698986120073,炸裂
0.23063964251429564,集合
0.9533230237462176,优
-0.5627278041216883,睡觉
-0.3711905014036063,刷
-0.6882123271971754,遍
-1.9782272451957197,该死
2.2013036355015836,甜美
-0.23066156746835453,理解
0.5395232457577618,参加
-0.1059423771590197,追
-1.8505606528088374,烦
0.25735515096699724,熟
0.4199172024635205,到达
-0.07922581240239546,直
0.9642060072052481,见
0.0886971328313773,言
-0.06653161844336479,短
0.29395168332974425,认真
-0.3187736135882734,剪
0.06613632915455467,再见
0.3981656326915749,重要
-0.2464552432440009,严格
-0.2973506512970905,找
-0.8366813549924806,不到
-0.22041114514496143,放
0.558629059347878,领
0.5322585174140293,咯
-0.05057319876180594,勾
0.7092618723359482,适合
0.4903530914185187,意外
0.03879428054511779,结束
-0.5491412009170269,等到
-0.7077996916603594,失望
0.5896439467237592,娱乐
0.26891456847725,耐心
0.4160548242958898,拉
-0.43329170616958035,踩
0.16740470040335356,青
-0.3379498395815966,严厉
0.7528021940928726,秀
-0.5689159185013172,根本
0.2587489433403106,上
0.12802552735256464,全
-0.2843713027939531,开玩笑
-0.577199821709437,敲
-0.6525716206710314,敷衍
-0.7769370843489842,难
-0.15460526383304635,播
-1.362123059057123,困
-0.14891390588169912,剪切
0.17191295379836002,带
-0.34870288241168557,等于
0.4319272475920899,预告
-0.2374359931019725,杠
1.9450834367618548,抢眼
1.1908480460997661,勇敢
-0.05289660540099781,分开
-0.08433817364002055,怀念
0.10398158526922677,令
-0.19195290121575828,辛苦
1.474943217293753,超爱
-0.7498769514696458,坏
0.16565654073719444,需要
-0.42172049037141923,累
1.0502120310334038,喜爱
0.29566247590788786,评级
0.9561031299415983,感谢
1.3075965721534426,赞
0.49537794838260896,坚强
1.000909899851121,投资
1.1376021678266208,来来来
-0.27023159853774903,肯定
0.24678829141169004,陪
-0.6049765075677527,躺
0.15649807301092558,提
0.886476165755845,萌
0.8640046210757099,珍惜
0.27553334272058877,低
-0.6807509059335851,怀疑
-0.58812650151292,估计
0.9761130727208703,幽默
-0.3933859718571309,塞
0.10003491568983798,演
0.4522927495622079,评判
-0.11463009710591891,慢
-0.052275477752103686,厚
0.01468308454916743,综合
0.09451609705183155,空
-0.8262416847488552,看不起
-0.2884631664599645,设
-0.6002480589334597,怪
0.6794098134434658,放心
-0.25401654910993304,要求
0.2717170274800269,唱
-0.8663895689646101,不行
0.475267707749904,疯狂
-0.8700689063630321,看不惯
0.5723379294740922,合理
-0.30358077882814394,分
-0.40930869834386413,玩笑
0.5239249408986838,表现
0.5891312735234921,欣赏
0.27309400476352785,逆袭
0.2085758392690366,很
0.46161789837719375,合适
-0.056539890065244736,念
-0.016379871213740897,确实
-1.024138488543933,管
-0.7306652227054998,不得
-0.10739220746318875,评
0.07388750360035437,决定
-0.7243586270919828,差
-0.5705149768708397,干
0.5974447478116491,挺好
0.12460088569131653,放电
0.23418050266016532,保持
1.1743252288179422,守护
1.1229107242755945,评选
0.8095076061989424,到位
0.5230387627638147,点评
0.007097320783600566,分析
-0.3416060222929186,不屑
0.9618002244602366,带来
0.15160960056110173,不同
1.0303903134109647,细腻
-0.14177110941411167,呆
-0.18342413342337643,忍不住
-1.1597254814296765,臭
-0.8762582780961514,挤
-0.5232455002484786,懵
1.2006610321470572,鼓励
-0.2703437460422992,不算
-0.6409198352135332,勒
-0.062342999183703604,捏
-0.5816186077465373,扯
0.9391137956231359,震撼
0.0471147750777612,平
-0.22998114219865573,离
-0.2623490011866348,换
0.38676696700370194,雅
-0.12892136878101745,嫉妒
-0.35742909145766755,发现
-0.3110058720489449,充
0.21959215905569218,收
-0.6626694436052109,夸张
1.0798841903719487,骄傲
-0.3476746738485186,不止
-0.5751250336716965,审美
0.2057918593018782,达
-0.21165970863275282,打扰
-0.4065903214791538,死亡
-0.9598298325197583,崩
-0.062384496118605005,眨
0.04196394438338815,眨眼
0.7934216901978217,出演
-0.6114757125719283,不知
0.03340022054208577,认为
0.500647064635596,严谨
-0.2739647114925311,傻
1.2035790354748115,轻松
-0.10074338458510776,听
-0.6376123361813357,解释
0.977262588177384,表扬
0.1900912272547644,严肃
-0.2657667294434814,想想
0.5707330753919744,宣传
-0.4637679711470352,背
0.21512426961989178,突出
0.5628494823500951,提前
-0.8542844315236235,嫌
0.3972444244337351,绿
-0.31276683396866223,过于
0.14822732958204796,看出
0.826365466544749,亲
0.38157011028031335,白
0.32815191466137533,松
1.2741317799209608,出色
0.7344863090510352,成功
0.5497952506088837,爱好
-0.649357427749061,哼
-0.1772597432622414,撩
0.5365100291755734,征服
-0.374747838893357,使劲
-0.3797642961702109,黑
-1.2480452934176358,可怜
0.3664718935372771,谈
0.061727575267969015,恋爱
-0.25125205179936483,勾引
0.41550358998660186,得到
0.28334705605210114,擅长
0.040366498864639395,接近
-0.6783833639242539,心疼
0.07046708636734075,有用
-0.6679847187449062,劈
-1.134940724420271,尴尬
-0.5361840922217945,忘
-0.4442245669866409,没事
-0.22572600112071192,读
1.0008721988363272,展示
-0.29881999175849605,洗
-0.40020931136088356,晓得
0.29869806405203664,坚持
0.08339334586524834,偏见
0.044290875847680045,对手
-0.10073122092759734,在意
-0.6264743504355781,惹
-0.3239146747494744,告诉
-0.5679185947437407,拒绝
0.19930475026738828,实在
0.3402568611697404,喜
0.4364512385500553,包
-0.5854122064781462,不住
-0.9071572031112684,错
1.265241651092213,强大
-0.3648593455571985,恶意
0.4039563845095409,感动
-0.9209347353057151,打击
0.473362053466768,微
0.644846510357614,净
-0.5291486173971068,攻击
-0.8905179214517661,忍
0.1835866134302246,入股
0.20366731614562555,纯
0.19061751460066984,评定
-0.09179325412650122,进
-1.0124553525380655,没用
0.5466536053668831,未知
0.1001074750038828,单纯
0.6100549751935996,害羞
-0.1530716675878859,满
-0.8573407827485205,眼看
0.048661278145645755,出没
0.6659425577548144,录制
0.6640527830912769,组合
0.17941073812872738,红
1.4593172797667404,减
0.05940841017981573,初选
-1.6865830771676147,没完
-0.5925285684238238,蹲
-0.3868455197286652,漏
-0.11841607482335877,才能
0.9230924086688669,乐华
-0.06612873295109419,安排
-0.7024659630763882,敢
-0.8175166140016799,急
0.29797907548115027,看头
0.436885429304836,宜
0.5635413899388927,创
0.25916288658088626,等待
-0.0644936627646701,从头
-0.9385963172360965,亏
-0.12098265300947633,放到
0.6839477778610153,开播
0.6981457569332362,完成
-0.5558535988924828,拖
0.5331398899098598,听听
-0.19678596527517667,确定
-0.8070712029544163,要冲
-0.10087015698009952,接
0.004047711416120129,圈
0.261318108348181,发型
-0.489238584692899,了不起
0.5526853320975638,完整
-0.2625301357280017,听到
0.7238987173670598,播出
0.22084252931752202,继续
-0.04678458106868487,软
-0.016654968099767676,下
0.684071811784996,成为
-0.1599742615574974,学
0.09043178469328701,飞
-1.0480823951640783,害怕
0.16670772405351844,驾驭
-0.4009923736947553,爆炸
0.23171107949024572,转
1.0660275330007127,真诚
-0.2947973696357894,正正
1.3732150264801497,最美
-0.2121596961974011,不见
0.26644169900716086,治愈
1.0745753279615122,拍摄
0.41574936005516516,搭
-0.02465218821186353,穿
-0.7517171794335901,受伤
-0.19218630349907317,染
-0.5920918532078234,舍不得
-0.04091181574114182,回头
0.32274266863651346,划水
-0.017533526249008186,看中
0.26500200899684595,正道
-0.08435319369401428,捡
-0.23613184477673613,养成
-0.06469845138216014,系
-0.00017312688477995054,感
-0.049907860271694776,测评
-0.07670294486503196,凑
0.4371729487144059,露
0.45211794499974456,拼
-0.4141838640490569,貌似
0.023983094877910185,攻
-0.46456137537274494,跑
-0.13905414039453484,录
0.053704939689484664,蹭
0.4519147400050693,谢
-0.6245248898734476,可言
-0.9538919531870373,砸
-0.42000510369996114,骗
0.8621454428054376,乐
-0.6640587386268353,睡
-0.21694534750158004,翻
0.21304343946746646,期望
0.07533165047947074,影响
-0.5614662741201959,便秘
0.5647674467557495,最高
0.7203618245057507,夸奖
0.5377150878182032,简单
0.6712127712658231,瞧瞧
0.7514698673395304,并存
-0.1478901919580065,切换
-0.48403072643579675,最多
-0.16604918235945038,属实
0.5350750586324918,组
1.2108747557895785,认可
0.38539721339917826,准
1.2909671810959673,完美
0.01542360970901523,捞
0.25417546564828475,比赛
0.7308815949669636,低调
0.9695695211090912,创作
0.033128457292293335,仔细
-0.46437269017972777,缺
0.39912643452131424,突破
0.5067620368972214,有空
0.14551206572054953,聊
-0.052598398184830676,甩头
-0.08152338264850723,算是
-0.06337618496042613,吃醋
0.527127963027569,带走
-0.560749239224677,掰
0.7688620879794457,谦虚
0.4387589339274305,最
0.4427111668854284,娶
-0.08681040771348983,飘
0.7796984639327253,属于
-0.17240380766232605,上升
1.0524651652189327,美好
-0.42315424525968115,完事
-0.03710886173609219,教
-0.020753445963783083,发光
0.05080193162951742,耳熟
-0.44427938200144623,嗑
-0.9938097207216995,虐
0.3056428164009523,待
-0.018390627367148367,初恋
1.2793808510426108,舒心
0.048430948626178374,画
0.2550865955619467,增加
-0.627768261925838,怂
-0.2694114172134367,扎
1.3364873865914961,放飞
-0.5751860490904733,挂
0.5283122687599281,巧
-0.48342500682171974,觉
-0.488721268507782,弱
0.3960754351992075,抓住
-1.2189525482319645,放过
0.3849026983305156,神似
0.19315387749508553,直播
0.24776001277890947,赚钱
-0.3101311675689912,写
0.844302546345584,朴实
0.3155715749768482,散发
-0.38948295946982914,异
-0.2225654792692945,趴
-0.08754242106689232,循环
-0.8509503814659171,跪
-0.06571589467102805,开头
-0.5432344649296378,哼哼
-0.6455637902219442,上头
0.29998168247256357,清晰
0.046607473468080765,打开
-0.16989599054855,清楚
0.9396652143795132,关注
0.003599371179508172,跟着
-1.4227248993998531,晕
-0.3924660132333707,撑
0.3881289782249362,兴奋
-0.011024469502222089,抱
0.016878748798735035,惊现
0.7443306924867277,富贵
0.38089982719152915,探
0.5925225866682345,工作
-0.2117033512340846,挖
-2.1375473836770684,救命
-0.6301021792143537,上班
-0.011367969824750173,放在
0.4185331738368812,愿意
0.6892838475401183,付出
0.1534190500807803,佩服
-0.3200644385247767,费
0.6045935204403861,伴舞
0.937382542564644,混血
-0.6241042579856089,点名
-0.82925711729235,关
0.05013971580346301,改名
-1.3683310788120733,好长
0.7060817469190388,涵
0.8221816289763639,超绝
-0.2796032730954399,改
0.42524471353505905,宣
1.1300851822405704,耀眼
0.20370051699505726,允许
0.38157926089308897,撑腰
0.7434417002837751,相爱
-0.19486707959033314,放弃
-0.655416764390752,撕
1.242432244083344,贴心
0.012054903554735565,点心
-1.2486703551265304,后悔
-0.33847838608145286,帮
0.5780220098484278,争取
-0.2018079270375722,远
0.38383678080059286,阔
0.5780625842523422,犀利
-0.2914116788328757,一大
0.3839899131962922,有心
-0.35655981164177863,尖锐
0.048752365509591646,负责
0.07167182764588312,认清
-0.12712498347291462,想法
0.5968065445918415,改变
-0.11528372599871725,回来
0.2706792313062488,抱抱
-0.6919941446636797,输
-0.39826658382500846,变成
-0.43127559485924377,占
0.02138418039273615,留
0.4025112196090966,软软
0.06646555083239634,改成
0.47912347698393826,聪明
0.6123672106749811,怜爱
0.9833888434222231,实现
0.676314092274837,昭
-0.20422988251007235,失去
0.8442832124958117,高贵
0.44346105341165004,透明
0.4167653632471053,尝试
0.09471930882902119,直白
-0.06723261960802969,偷
-1.211986340640453,退
0.1583353869346496,照
-1.0999885833382448,没法
0.2560129973729163,细
0.14643588657046805,憨
-0.2711537592189043,练
-0.31459958516573605,站
0.8497471080612098,合作
-0.4829776157378881,啃
0.3442968079912611,可燃
0.8375915240718212,腼腆
0.04845283854516793,练习
1.4242246152883662,憨笑
-0.9087956355163673,磕
0.2901164275758675,实诚
0.9124342249367061,均匀
0.06642716832142084,重
-0.5182005905176439,欠
-0.16201868763418042,唠
0.48340354779309286,威猛
-0.21541305156599258,可笑
-0.9538655518166482,破
0.38534058801566917,精
1.116878333892648,真美
-0.37324981774772226,平均
-1.337882451256433,摔
-0.6808112141411128,摔倒
1.1493780375267284,爱丽
0.7024497627976766,滑
0.09973365230479066,看破
1.1700952020772475,配有
-0.05518321428215868,忘不了
0.09803045650795064,接受
-0.24904225050473167,反驳
0.26198404638543266,无敌
-0.07883971925774363,拿出
0.11069772263760828,做到
-0.407767620305886,停止
-0.537623887730348,锁
-0.010193971884707585,剃
-0.23594081411941645,化
-0.7321288759404079,删
-0.8014488414158591,断
0.11072875608795918,得
0.21890159782672405,成
1.2688269653344224,演绎
0.3522516085673479,挑战
0.1493651684483815,戴
1.0469395760720128,超强
0.8310199893557277,担当
-0.5298358843880553,抓
-0.24202377692229474,翻译
0.21265722745903326,值
-0.7467954569377204,救
-0.5397773663212144,反应
0.2544268085222613,刺激
0.2971577978559109,发
-2.297230792402204,救救
1.191174999825489,出彩
0.010916150258022556,出头
0.5922086679860455,处处
0.66302128634165,成熟
-0.2092792729201939,帮帮
0.4912258194256955,开课
-0.29632151766390147,甩
0.41078011239477047,招
0.7959709765579144,懂得
0.37124756759763183,选择
-0.584479150052404,渲
-0.09211654335351237,排
-0.03785196618103946,戳
1.2586244851563702,选出
0.9479537451533087,放松
0.4556963569938567,做好
-1.1428375091347003,难过
-0.6317466286785433,彻底
-0.3529079692826041,看书
-0.15068535895232943,吊
0.4841034187411971,瞧
0.4333084140940887,结婚
0.7853954391655658,拥抱
0.6082767807398484,欣慰
0.43681352905080156,稀罕
-1.572522727552814,劳资
-0.7713606472377379,发热
-1.1583378113422271,得罪
-0.022308042399926658,遗憾
-0.4709000870639241,发呆
0.9726152671867636,善于
0.45701093689270433,表达
0.7253932303055083,亮
0.10129829841821643,假发
-0.7927622362156252,整组
0.14044089532541987,强烈
0.6682267588536754,回报
-0.3762612089518025,偏
0.5472978795867312,友好
0.6258726549151019,炫
1.7729285189699346,超可
-0.5941412518153913,瞪
-0.4837344644407108,担心
0.19627845234520397,看上去
1.707453373186754,捧场
-0.004037865662662485,感染
-0.1314928641292363,切
-0.20655947720125725,造谣
0.5053275971748892,积极
-0.5457151403249961,上课
-0.18145555255096552,蹦
-0.6530714723462656,睡着
0.3914289347971849,安
0.9274146368987033,团结
-0.228304606779081,认输
0.48686323002044174,齐
1.0888759948852018,健康
-0.2805310465196503,分组
0.6118766383730279,绝世
0.1877613057507896,配置
0.272073187934971,采访
0.05205754103530337,燃
-0.47927216209987666,爬
0.6565159294489986,问好
-0.20378530881100146,反
-0.10192295003535874,抱歉
-0.2693785808924753,嘲笑
-0.2750184517783095,听见
-0.5006645514657246,吵架
-0.24494158179553463,盗
-0.25673689026863583,离开
-0.15309795304374801,淡定
-0.6754401065319162,瞧不起
-0.23729695622607574,回
0.338875008524696,直拍
-0.8502997273746129,硬
0.19354953841681546,卷发
0.16974269446901816,黄
0.8751305447427263,乐观
-0.1824023763570553,姓
0.027656998268065176,近
0.8214600923561918,演出
0.6709288869685851,能够
1.041030738038156,捧
0.5086316804048778,符合
0.08814107880354248,放开
-0.012572307527777113,來
-0.2720280822706305,勉强
-0.4751258454930456,紧
-0.37030222788924116,下降
-1.0896975712499453,咬
0.5991466597150262,遇见
-0.5082985526909785,劝
1.141369422774234,帮忙
0.8797541222838037,好美
0.31163731640078,显得
-1.5430904655770257,肿
0.5987854950629046,捕捉
-0.1963366552041163,淡
-0.015390891141420143,对视
1.125002268423938,平淡
1.4449872395256238,接地
1.2601003106644526,愿
0.33906648670270656,尖
-0.2561625937798709,呼吸
-0.14766697858484618,说来
0.43901041739053354,找到
0.5981892859893667,欢喜
0.382632339902896,圆
0.6498354325000154,坠
0.33083345259009733,清
0.5321557321841182,主持
-0.2750282242660819,自负
0.589679737782542,试试
0.12729795914676229,预测
-0.27658372574534057,揣测
0.3935046995458697,舍
-0.24695142244537518,吸
1.3856731831713183,展现
0.05822783105837546,散
0.9854700862678678,鼓掌
-0.03186192812901434,争
-1.101715697109308,活该
0.9394617750548546,行走
-0.9038361044421903,喘
0.3953008041017762,符
-0.002006398133868388,疑惑
0.6684129383777895,统一
-0.44834553248633496,不成
0.20685798665741015,涮
-0.4892405892794308,压
-0.08512506827569827,升
-0.20228543785748315,承认
0.24135532951741662,慢走
0.08400358100487273,腻
-1.2822121692607746,严重
-0.29297042291605047,幸好
0.24865632305781493,发言
0.08716675022936428,宣布
0.301884370750024,如
-0.7927732101918068,强行
0.2003497481568716,惊人
-0.1253177475335265,斩
0.27874603528645914,见到
0.06150452548959129,溜
-0.1307731964884767,超过
0.44549104598254974,觉醒
0.25964468054427325,扫
-1.1263839362008674,煎熬
-0.12571393579673829,扣
0.43361482612364083,品
0.035365007078333024,播放
-0.5873395133643393,抠
-0.13966859302814613,凑数
-0.4612264310229478,不足
0.3826831867480114,寄
0.4755056786873205,生命
-0.7190259356025905,杀死
0.528847590546801,游
-0.5916945581963984,受
-0.36231938006830516,败
0.9224831649181475,模特
0.44108787175709496,发出
0.05509248556030679,支撑
-1.1958165041123139,打算
0.6074197976791184,善待
1.7797231285919068,搭配
-0.12100424424258857,解说
-0.7699101417419681,克制
-0.2620676849231419,借
-0.9218377805753596,憋
0.40113463946088135,生活
0.34108552653706486,打扮
-0.6022337227219392,揪
-0.7118508542288053,排挤
0.603055503142293,热闹
0.888642289895803,愿望
0.20299347971511628,着想
0.8011888529269762,难忘
-0.10736410086540824,得来
-0.031542556948722,馋
1.1228707197103658,即
-0.7180211393279924,敲敲
0.222292525486704,可见
-0.3801677628191198,退出
-0.24099551117576098,闯
1.3660633151383306,清新
0.4696932348162856,知识
0.6726204660383213,采
-0.5225562286826068,试
-0.5071048531198277,拔
0.46370117738608546,开启
0.18721510512661127,奇妙
0.3512336435043277,走走
-0.06710234737033319,换成
0.8312498699231157,寻找
0.5098772604450811,框
1.2302980821590246,微笑
-0.043829117443058604,回答
-0.2674286236113799,震惊
0.7119685368586609,清纯
-0.9246416267164788,遭
-0.7583836736951947,失败
-1.1464085327388798,吃药
1.3498784843668357,带动
0.2922499445975192,抽
1.3835335759694183,收获
-0.8199443413818791,羞耻
-0.4710621244705576,捂
0.29050395734110346,活跃
0.6251740942724711,心善
0.3891066760390378,进入
-0.04034655164707004,刁难
0.360839303572932,解放
-0.41655548476276083,帮助
0.8635664352955923,充满
-0.12485967145836481,指
-0.17339156774606876,矫情
0.4975511071968309,正面
-0.21573620045919487,要强
0.8371913903431523,前行
0.4841116671789793,胜负
-0.11560188635950748,否认
1.256378114661266,满足
-0.08573842184249666,休息
-1.233183335104918,窒息
0.2676765439097034,承
-0.0899378567318703,寒
-0.14651228950074022,顶
0.08529408968782429,托
-0.25159487465776403,想见
-0.003544317536199021,预言
0.20101320199504297,炒
-0.30280637021070844,塌
0.6522080683448035,协调
-0.3733280338817232,松懈
0.29322705180045777,放下
-0.01251380038590639,瞅
-0.8190204161153964,嫌弃
0.16919956446231987,奔跑
-0.6659100607431305,熬夜
0.47703322139822585,看得出
1.119568542343719,成长
0.06729814359540207,否定
1.5350745313611116,笑醒
1.67781451663059,闪耀
0.5862043341398213,发亮
-0.8941628202137368,委屈
0.17232802339845504,隐藏
0.44611020280920927,拍手
0.1725927658764585,噘嘴
-0.977870064330314,自责
0.7262588906073166,归来
0.3028296588501651,掀起
-0.798945147180658,抛弃
0.06261699833272497,复仇
-0.6718226023794145,买不起
-0.1411329876595973,舍得
0.5129519695008946,正确
0.21917281978709519,吝
-0.2996505842431951,跑调
-0.11863148436877399,支配
-0.6750585868382218,恐惧
-0.1227372805379026,摸
0.524950877368121,惊呆
0.5004157969878082,钓
1.4934218722393506,妩媚
0.27415167235333493,显眼
-0.2445049130887417,处理
0.7481139177692705,着迷
0.05269424448154655,染发
0.21637824818841794,找回
0.19962760700275559,发展
0.025545475238156867,留下来
0.38329457761953567,奉陪
1.1235557026028185,妖娆
0.7285244809462849,乖巧
-0.10870679429451399,错过
0.8985167052657369,在场
0.8283905547016008,懂事
0.5068930428782747,下凡
-0.8010378760818954,迟到
-0.5144694493400919,剩
0.15931706041619556,留下
-0.5424936894969365,邋遢
0.030014305132204266,蛊惑
-0.1890435102065746,还给
0.4235939956859543,浅
-0.6971487345031661,承受
-0.5518806979063705,流
0.3259017838334225,截
0.059279954294299,收起
-1.2861972378875937,心碎
0.45822615002753075,清冷
0.28985862465853823,感触
-0.0684633210836782,逆
0.3925001137543403,摇摆
-0.16108206120621943,巨
-0.32548405290571425,绷
1.2658181575529435,上扬
-0.044740203519934754,奈
0.21730160267974824,轮回
0.42835034039832076,正好
-0.9142096098229295,难看
-0.509623024770898,惊雷
0.6947602193181682,喷饭
-0.03889804563823737,集
-0.20624473336843815,进出
-1.2311377338996388,要命
